--
-- PostgreSQL database dump
--

-- Dumped from database version 14.3
-- Dumped by pg_dump version 14.3

SET statement_timeout = 0;
SET lock_timeout = 0;
SET idle_in_transaction_session_timeout = 0;
SET client_encoding = 'UTF8';
SET standard_conforming_strings = on;
SELECT pg_catalog.set_config('search_path', '', false);
SET check_function_bodies = false;
SET xmloption = content;
SET client_min_messages = warning;
SET row_security = off;

ALTER TABLE ONLY public.users_creators DROP CONSTRAINT users_creators_user_id_fkey;
ALTER TABLE ONLY public.users_creators DROP CONSTRAINT users_creators_creator_id_fkey;
ALTER TABLE ONLY public.metrics DROP CONSTRAINT metrics_creator_id_fkey;
ALTER TABLE ONLY public.users DROP CONSTRAINT users_pkey;
ALTER TABLE ONLY public.users DROP CONSTRAINT users_email_key;
ALTER TABLE ONLY public.users_creators DROP CONSTRAINT users_creators_pkey;
ALTER TABLE ONLY public.metrics DROP CONSTRAINT metrics_pkey;
ALTER TABLE ONLY public.creators DROP CONSTRAINT creators_pkey;
ALTER TABLE public.users_creators ALTER COLUMN user_creator_id DROP DEFAULT;
ALTER TABLE public.users ALTER COLUMN user_id DROP DEFAULT;
ALTER TABLE public.metrics ALTER COLUMN metrics_id DROP DEFAULT;
ALTER TABLE public.creators ALTER COLUMN creator_id DROP DEFAULT;
DROP SEQUENCE public.users_user_id_seq;
DROP SEQUENCE public.users_creators_user_creator_id_seq;
DROP TABLE public.users_creators;
DROP TABLE public.users;
DROP SEQUENCE public.metrics_metrics_id_seq;
DROP TABLE public.metrics;
DROP SEQUENCE public.creators_creator_id_seq;
DROP TABLE public.creators;
SET default_tablespace = '';

SET default_table_access_method = heap;

--
-- Name: creators; Type: TABLE; Schema: public; Owner: -
--

CREATE TABLE public.creators (
    creator_id integer NOT NULL,
    username character varying NOT NULL
);


--
-- Name: creators_creator_id_seq; Type: SEQUENCE; Schema: public; Owner: -
--

CREATE SEQUENCE public.creators_creator_id_seq
    AS integer
    START WITH 1
    INCREMENT BY 1
    NO MINVALUE
    NO MAXVALUE
    CACHE 1;


--
-- Name: creators_creator_id_seq; Type: SEQUENCE OWNED BY; Schema: public; Owner: -
--

ALTER SEQUENCE public.creators_creator_id_seq OWNED BY public.creators.creator_id;


--
-- Name: metrics; Type: TABLE; Schema: public; Owner: -
--

CREATE TABLE public.metrics (
    metrics_id integer NOT NULL,
    creator_id integer,
    dl_date timestamp without time zone NOT NULL,
    followers integer NOT NULL,
    following integer NOT NULL,
    videos integer NOT NULL,
    likes integer NOT NULL
);


--
-- Name: metrics_metrics_id_seq; Type: SEQUENCE; Schema: public; Owner: -
--

CREATE SEQUENCE public.metrics_metrics_id_seq
    AS integer
    START WITH 1
    INCREMENT BY 1
    NO MINVALUE
    NO MAXVALUE
    CACHE 1;


--
-- Name: metrics_metrics_id_seq; Type: SEQUENCE OWNED BY; Schema: public; Owner: -
--

ALTER SEQUENCE public.metrics_metrics_id_seq OWNED BY public.metrics.metrics_id;


--
-- Name: users; Type: TABLE; Schema: public; Owner: -
--

CREATE TABLE public.users (
    user_id integer NOT NULL,
    email character varying NOT NULL,
    password character varying NOT NULL
);


--
-- Name: users_creators; Type: TABLE; Schema: public; Owner: -
--

CREATE TABLE public.users_creators (
    user_creator_id integer NOT NULL,
    user_id integer,
    creator_id integer
);


--
-- Name: users_creators_user_creator_id_seq; Type: SEQUENCE; Schema: public; Owner: -
--

CREATE SEQUENCE public.users_creators_user_creator_id_seq
    AS integer
    START WITH 1
    INCREMENT BY 1
    NO MINVALUE
    NO MAXVALUE
    CACHE 1;


--
-- Name: users_creators_user_creator_id_seq; Type: SEQUENCE OWNED BY; Schema: public; Owner: -
--

ALTER SEQUENCE public.users_creators_user_creator_id_seq OWNED BY public.users_creators.user_creator_id;


--
-- Name: users_user_id_seq; Type: SEQUENCE; Schema: public; Owner: -
--

CREATE SEQUENCE public.users_user_id_seq
    AS integer
    START WITH 1
    INCREMENT BY 1
    NO MINVALUE
    NO MAXVALUE
    CACHE 1;


--
-- Name: users_user_id_seq; Type: SEQUENCE OWNED BY; Schema: public; Owner: -
--

ALTER SEQUENCE public.users_user_id_seq OWNED BY public.users.user_id;


--
-- Name: creators creator_id; Type: DEFAULT; Schema: public; Owner: -
--

ALTER TABLE ONLY public.creators ALTER COLUMN creator_id SET DEFAULT nextval('public.creators_creator_id_seq'::regclass);


--
-- Name: metrics metrics_id; Type: DEFAULT; Schema: public; Owner: -
--

ALTER TABLE ONLY public.metrics ALTER COLUMN metrics_id SET DEFAULT nextval('public.metrics_metrics_id_seq'::regclass);


--
-- Name: users user_id; Type: DEFAULT; Schema: public; Owner: -
--

ALTER TABLE ONLY public.users ALTER COLUMN user_id SET DEFAULT nextval('public.users_user_id_seq'::regclass);


--
-- Name: users_creators user_creator_id; Type: DEFAULT; Schema: public; Owner: -
--

ALTER TABLE ONLY public.users_creators ALTER COLUMN user_creator_id SET DEFAULT nextval('public.users_creators_user_creator_id_seq'::regclass);


--
-- Data for Name: creators; Type: TABLE DATA; Schema: public; Owner: -
--

COPY public.creators (creator_id, username) FROM stdin;
2	creator2
3	creator3
4	creator4
5	creator5
7	boopbeepbopbop
8	rossidwoods
10	brialem
11	rocky_barnes
12	bigekane
13	will_jacob
14	_mitchiemitchie
15	emilyinsf
16	tk.california
17	jessyoowould
18	cbatogivename
19	princess.vimar
20	
22	katkatkat
23	whatsupimjared
25	devotedly.yours
26	maselreb
27	joannayeonlee
28	juhee
29	shannonhill89
30	fowl_mouth_mama
32	didjuheerme
33	juheesong
34	sammijefcoate_
35	thegraytergood
36	dutchdeccc
37	annainseoul
38	snackqween
39	anna..paull
40	drewafualo
41	landscapesareboring
48	walmart
49	hackbright
50	ellyawesometech
52	cnn
53	beautyofthefoodie
54	target
55	senorsisig
56	beyonce
\.


--
-- Data for Name: metrics; Type: TABLE DATA; Schema: public; Owner: -
--

COPY public.metrics (metrics_id, creator_id, dl_date, followers, following, videos, likes) FROM stdin;
2	2	2022-05-01 00:00:00	64	70	59	80
3	3	2022-05-01 00:00:00	6	26	71	78
4	4	2022-05-01 00:00:00	50	83	37	92
5	5	2022-05-01 00:00:00	79	29	15	8
6	7	2022-05-15 18:18:39.721636	343700	434	309	7200000
7	7	2022-05-15 18:19:18.448982	343700	434	309	7200000
8	7	2022-05-15 20:18:41.585559	343700	434	309	7200000
9	7	2022-05-15 20:20:24.996421	343700	434	309	7200000
10	7	2022-05-15 20:20:39.43489	343700	434	309	7200000
11	14	2022-05-15 20:21:50.71211	43400	275	115	1100000
12	14	2022-05-15 20:23:36.79234	43400	275	115	1100000
13	14	2022-05-15 20:24:33.444703	43400	275	115	1100000
14	14	2022-05-15 20:36:12.407921	43400	275	115	1100000
15	14	2022-05-15 20:36:15.602905	43400	275	115	1100000
16	14	2022-05-15 20:36:25.411576	43400	275	115	1100000
17	14	2022-05-15 20:39:17.955802	43400	275	115	1100000
18	15	2022-05-15 20:39:54.515792	9179	1815	449	227600
19	15	2022-05-15 20:40:04.444932	9179	1815	449	227600
20	7	2022-05-15 21:30:01.452051	343700	434	309	7200000
21	7	2022-05-15 21:31:47.907896	343700	434	309	7200000
24	7	2022-05-16 13:05:19.296325	343600	434	309	7200000
25	7	2022-05-16 13:07:53.206846	343600	434	309	7200000
26	7	2022-05-16 13:08:08.768408	343600	434	309	7200000
27	7	2022-05-16 13:12:38.345711	343600	434	309	7200000
28	7	2022-05-16 13:15:26.747389	343600	434	309	7200000
29	7	2022-05-16 13:18:01.407005	343600	434	309	7200000
30	7	2022-05-16 13:23:29.657385	343600	434	309	7200000
31	16	2022-05-16 13:24:48.654954	324000	7329	388	13900000
32	17	2022-05-16 13:37:05.277445	6959	418	116	50100
33	17	2022-05-16 13:38:55.687345	6959	418	116	50100
34	18	2022-05-16 13:43:12.097782	56700	0	79	15100000
35	19	2022-05-16 13:45:31.768311	53600	271	100	871600
36	19	2022-05-16 13:47:37.257938	53600	271	100	871700
38	23	2022-05-16 14:42:16.930589	164100	180	816	10000000
39	13	2022-05-16 16:06:37.964761	8745	117	62	1300000
105	7	2022-05-19 11:11:18.036866	343500	434	309	7200000
106	8	2022-05-19 11:11:20.392608	516000	44	332	7900000
108	10	2022-05-19 11:11:23.375278	1100000	412	340	31400000
109	11	2022-05-19 11:11:27.971323	96500	75	70	1700000
110	12	2022-05-19 11:11:29.71033	1400000	663	405	64300000
111	13	2022-05-19 11:11:31.636883	8743	117	62	1300000
112	14	2022-05-19 11:11:33.500898	44200	276	116	1200000
113	15	2022-05-19 11:11:34.93341	9230	1828	452	229700
114	16	2022-05-19 11:11:36.366439	324700	7327	391	14000000
115	17	2022-05-19 11:11:37.902634	7038	422	118	51000
116	18	2022-05-19 11:11:39.028554	148700	0	115	34500000
117	19	2022-05-19 11:11:40.155668	53700	271	100	877400
120	7	2022-05-19 14:37:02.653912	343400	434	309	7200000
121	8	2022-05-19 14:37:03.983227	520200	44	331	8000000
123	10	2022-05-19 14:37:06.749059	1100000	412	342	31400000
124	11	2022-05-19 14:37:09.616114	96500	75	70	1700000
125	12	2022-05-19 14:37:11.151954	1400000	664	405	64400000
126	13	2022-05-19 14:37:13.507454	8743	117	62	1300000
127	14	2022-05-19 14:37:14.65073	44200	276	117	1200000
128	15	2022-05-19 14:37:17.193824	9231	1829	452	229800
129	16	2022-05-19 14:37:18.524307	324800	7328	391	14000000
130	17	2022-05-19 14:37:19.953762	7046	422	118	51100
131	18	2022-05-19 14:37:21.085387	150300	0	120	34900000
132	19	2022-05-19 14:37:22.906976	53700	271	100	877500
135	7	2022-05-19 14:40:26.366622	343400	434	309	7200000
136	8	2022-05-19 14:40:27.557578	520300	44	331	8000000
138	10	2022-05-19 14:40:31.653575	1100000	412	342	31400000
139	11	2022-05-19 14:40:33.803685	96500	75	70	1700000
140	12	2022-05-19 14:40:35.339855	1400000	664	405	64400000
141	13	2022-05-19 14:40:36.978448	8743	117	62	1300000
142	14	2022-05-19 14:40:38.207673	44200	276	117	1200000
143	15	2022-05-19 14:40:39.474926	9231	1829	452	229800
144	16	2022-05-19 14:40:40.767329	324800	7328	391	14000000
88	12	2022-05-19 10:51:50.395774	1400000	662	405	64300000
145	17	2022-05-19 14:40:42.098784	7046	422	118	51100
146	18	2022-05-19 14:40:43.226754	150300	0	120	34900000
147	19	2022-05-19 14:40:44.146602	53700	271	100	877500
150	7	2022-05-19 14:41:07.187143	343400	434	309	7200000
151	8	2022-05-19 14:41:08.516988	520300	44	331	8000000
153	10	2022-05-19 14:41:11.589106	1100000	412	342	31400000
154	11	2022-05-19 14:41:13.856307	96500	75	70	1700000
155	12	2022-05-19 14:41:15.134007	1400000	664	405	64400000
156	13	2022-05-19 14:41:16.939465	8743	117	62	1300000
159	7	2022-05-19 14:41:32.275052	343400	434	309	7200000
160	14	2022-05-19 14:41:32.99212	44200	276	117	1200000
161	15	2022-05-19 14:41:34.502914	9231	1829	452	229800
162	8	2022-05-19 14:41:34.70719	520300	44	331	8000000
163	16	2022-05-19 14:41:35.705196	324800	7328	391	14000000
165	10	2022-05-19 14:41:36.984982	1100000	412	342	31400000
166	17	2022-05-19 14:41:37.069331	7046	422	118	51100
167	18	2022-05-19 14:41:38.317209	150300	0	120	34900000
168	11	2022-05-19 14:41:38.755787	96500	75	70	1700000
169	12	2022-05-19 14:41:39.890248	1400000	664	405	64400000
170	19	2022-05-19 14:41:40.223353	53700	271	100	877500
171	13	2022-05-19 14:41:42.002414	8743	117	62	1300000
172	14	2022-05-19 14:41:44.256313	44200	276	117	1200000
173	15	2022-05-19 14:41:45.276892	9231	1829	452	229800
174	16	2022-05-19 14:41:46.713522	324800	7328	391	14000000
175	17	2022-05-19 14:41:48.045574	7046	422	118	51100
176	18	2022-05-19 14:41:49.610038	150300	0	120	34900000
177	19	2022-05-19 14:41:52.455402	53700	271	100	877500
180	7	2022-05-19 14:53:20.92664	343400	434	309	7200000
181	8	2022-05-19 14:53:22.741508	520500	44	331	8000000
183	10	2022-05-19 14:53:25.303632	1100000	412	342	31400000
184	11	2022-05-19 14:53:26.668366	96500	75	70	1700000
185	12	2022-05-19 14:53:28.785905	1400000	664	405	64400000
186	13	2022-05-19 14:53:30.528039	8743	117	62	1300000
187	14	2022-05-19 14:53:33.15257	44200	276	117	1200000
188	15	2022-05-19 14:53:34.69994	9231	1829	452	229800
189	16	2022-05-19 14:53:43.432736	324800	7328	391	14000000
190	17	2022-05-19 14:53:44.662497	7044	422	118	51100
191	18	2022-05-19 14:53:46.869499	150400	0	120	35000000
192	19	2022-05-19 14:53:47.826088	53700	271	100	877600
107	\N	2022-05-19 11:11:22.24864	445400	112	241	16800000
37	\N	2022-05-16 00:00:00	258000	503	2651	14800000
1	\N	2022-05-01 00:00:00	5	54	27	59
43	\N	2022-05-17 14:43:51.098358	8	27	0	0
44	\N	2022-05-17 15:15:06.054508	8	27	0	0
45	\N	2022-05-17 15:15:17.44757	8	27	0	0
103	\N	2022-05-19 11:11:14.742898	8	27	0	0
22	\N	2022-05-16 11:07:47.405914	101	421	1	148
23	\N	2022-05-16 11:07:54.983106	101	421	1	148
41	\N	2022-05-17 11:35:29.391404	101	422	1	148
42	\N	2022-05-17 11:39:22.54648	101	422	1	148
104	\N	2022-05-19 11:11:16.911305	101	422	1	148
119	\N	2022-05-19 14:37:00.809854	101	423	1	148
134	\N	2022-05-19 14:40:24.997762	101	423	1	148
149	\N	2022-05-19 14:41:05.957224	101	423	1	148
158	\N	2022-05-19 14:41:30.533289	101	423	1	148
194	23	2022-05-19 15:19:37.558062	164700	180	816	10100000
196	23	2022-05-19 15:20:40.431333	164700	180	816	10100000
198	23	2022-05-19 15:39:11.35566	164700	180	816	10100000
200	23	2022-05-19 15:40:11.363704	164700	180	816	10100000
202	23	2022-05-19 15:41:22.124403	164700	180	816	10100000
204	23	2022-05-19 15:42:30.215962	164700	180	816	10100000
206	23	2022-05-19 15:43:34.217285	164700	180	816	10100000
208	23	2022-05-19 15:44:18.466687	164700	180	816	10100000
210	23	2022-05-19 15:44:46.000893	164700	180	816	10100000
212	23	2022-05-19 15:45:42.800773	164700	180	816	10100000
213	25	2022-05-19 18:49:45.265133	194900	174	396	7400000
215	23	2022-05-19 18:50:59.914386	164700	180	817	10100000
216	25	2022-05-19 18:51:01.552863	195000	174	396	7400000
217	26	2022-05-19 19:22:39.052183	26200	3	122	880900
218	27	2022-05-19 20:08:04.387682	4313	29	209	77600
220	23	2022-05-20 11:09:41.759373	164700	180	817	10100000
221	25	2022-05-20 11:09:43.39685	208100	178	401	7800000
222	27	2022-05-20 11:09:50.975433	4341	30	209	78300
224	23	2022-05-23 12:44:20.479549	164800	181	817	10100000
225	25	2022-05-23 12:44:22.281621	255800	181	419	10700000
226	27	2022-05-23 12:44:23.817842	4424	29	212	80500
228	23	2022-05-23 12:45:48.502571	164800	181	817	10100000
229	25	2022-05-23 12:45:49.882643	255800	181	419	10700000
230	27	2022-05-23 12:45:51.555441	4424	29	212	80500
232	23	2022-05-23 12:45:53.418011	164800	181	817	10100000
233	25	2022-05-23 12:45:54.883206	255800	181	419	10700000
234	27	2022-05-23 12:45:55.973148	4424	29	212	80500
236	23	2022-05-23 13:12:04.049041	164800	181	817	10100000
237	25	2022-05-23 13:12:05.915887	256600	181	420	10700000
238	27	2022-05-23 13:12:07.717529	4425	29	213	80500
240	23	2022-05-23 13:14:38.990678	164800	181	817	10100000
241	25	2022-05-23 13:14:39.984665	256600	181	421	10700000
242	27	2022-05-23 13:14:41.783064	4425	29	213	80500
244	23	2022-05-23 13:14:44.79355	164800	181	817	10100000
245	25	2022-05-23 13:14:45.817387	256700	181	421	10700000
246	27	2022-05-23 13:14:47.055166	4425	29	213	80500
248	23	2022-05-23 13:14:54.362417	164800	181	817	10100000
249	25	2022-05-23 13:14:55.653599	256700	181	421	10700000
250	27	2022-05-23 13:14:57.073745	4425	29	213	80500
252	23	2022-05-23 13:15:06.460671	164800	181	817	10100000
253	25	2022-05-23 13:15:07.766375	256700	181	421	10700000
254	27	2022-05-23 13:15:09.581157	4425	29	213	80500
256	23	2022-05-23 13:15:56.693926	164800	181	817	10100000
257	25	2022-05-23 13:15:58.706072	256700	181	421	10700000
258	27	2022-05-23 13:16:00.122094	4425	29	213	80500
260	23	2022-05-23 13:16:39.835952	164800	181	817	10100000
261	25	2022-05-23 13:16:41.095112	256700	181	421	10700000
262	27	2022-05-23 13:16:42.71568	4425	29	213	80500
264	2	2022-05-23 15:33:49.621729	5	0	0	0
266	26	2022-05-23 15:33:52.370945	26200	3	124	885400
267	2	2022-05-23 15:35:00.990796	5	0	0	0
269	26	2022-05-23 15:35:03.940397	26200	3	124	885400
270	2	2022-05-23 15:38:19.272788	5	0	0	0
272	26	2022-05-23 15:38:22.536659	26200	3	124	885400
273	2	2022-05-23 15:39:49.526135	5	0	0	0
275	26	2022-05-23 15:39:52.769858	26200	3	124	885400
276	2	2022-05-23 15:42:57.439603	5	0	0	0
278	26	2022-05-23 15:43:00.058577	26200	3	124	885400
279	2	2022-05-23 15:44:01.557457	5	0	0	0
281	26	2022-05-23 15:44:04.971333	26200	3	124	885400
282	2	2022-05-23 15:45:31.570628	5	0	0	0
284	26	2022-05-23 15:45:35.187449	26200	3	124	885400
285	2	2022-05-23 15:48:53.842399	5	0	0	0
287	26	2022-05-23 15:48:57.547054	26200	3	124	885400
288	2	2022-05-23 15:52:51.272302	5	0	0	0
290	26	2022-05-23 15:52:54.944902	26200	3	124	885400
291	2	2022-05-23 15:53:31.124492	5	0	0	0
293	26	2022-05-23 15:53:35.485496	26200	3	124	885400
294	2	2022-05-23 15:56:01.829457	5	0	0	0
296	26	2022-05-23 15:56:05.327567	26200	3	124	885400
297	13	2022-05-23 16:03:42.241202	8739	117	62	1300000
298	2	2022-05-23 16:04:20.472557	5	0	0	0
300	26	2022-05-23 16:04:23.62348	26200	3	124	885400
301	2	2022-05-24 09:52:24.003929	5	0	0	0
303	26	2022-05-24 09:52:27.360968	26200	4	125	888400
304	2	2022-05-24 10:25:54.676512	5	0	0	0
306	26	2022-05-24 10:25:57.379164	26200	4	125	888500
307	2	2022-05-24 10:29:44.098627	5	0	0	0
309	26	2022-05-24 10:29:47.207234	26200	4	125	888500
310	2	2022-05-24 10:30:45.229087	5	0	0	0
312	26	2022-05-24 10:30:48.608414	26200	4	125	888500
313	2	2022-05-24 10:33:43.911792	5	0	0	0
315	26	2022-05-24 10:33:47.464194	26200	4	125	888500
316	2	2022-05-24 13:22:16.1292	5	0	0	0
318	26	2022-05-24 13:22:18.618284	26200	4	125	888800
319	2	2022-05-24 13:42:41.419181	5	0	0	0
321	26	2022-05-24 13:43:00.382881	26200	4	125	888800
322	2	2022-05-24 14:30:55.799849	5	0	0	0
324	26	2022-05-24 14:30:58.974124	26200	4	125	888900
325	7	2022-05-25 11:54:17.517075	342900	434	310	7300000
328	7	2022-05-25 11:54:36.748738	342900	434	310	7300000
193	\N	2022-05-19 15:19:36.212352	101	423	1	148
329	8	2022-05-25 11:54:37.776938	623700	48	340	9300000
331	10	2022-05-25 11:54:40.860837	1100000	418	351	32900000
332	11	2022-05-25 11:54:43.128114	97100	81	76	1800000
333	12	2022-05-25 11:54:44.174916	1400000	670	424	66500000
334	13	2022-05-25 11:54:47.151377	8738	117	62	1300000
335	14	2022-05-25 11:54:48.278573	44800	283	124	1200000
336	15	2022-05-25 11:54:49.72078	9343	1851	459	233300
337	16	2022-05-25 11:54:51.106638	326000	7324	393	14100000
338	17	2022-05-25 11:54:52.992568	7096	429	122	52400
339	18	2022-05-25 11:54:54.194577	177600	0	160	42600000
340	19	2022-05-25 11:54:55.931765	53900	271	102	891100
341	26	2022-05-25 15:15:23.738852	26300	3	126	890500
342	26	2022-05-25 15:16:57.078022	26300	3	126	890500
343	3	2022-05-25 15:35:02.74902	2	87	0	0
344	3	2022-05-26 14:54:58.417773	2	87	0	0
345	3	2022-05-26 15:00:51.684235	2	87	0	0
346	3	2022-05-26 15:47:57.814059	2	87	0	0
347	26	2022-05-27 10:43:48.929327	26300	3	128	896400
348	7	2022-05-27 13:55:49.879141	342800	434	310	7300000
349	7	2022-05-27 13:56:01.159497	342800	434	310	7300000
350	7	2022-05-27 14:22:09.035507	342800	434	310	7300000
351	5	2022-05-27 14:22:44.646293	4	0	1	40
352	5	2022-05-27 14:24:18.289624	4	0	1	40
353	4	2022-04-01 00:00:00	100	100	5	1000
354	5	2022-04-01 00:00:00	100	100	100	10
355	5	2022-05-27 15:03:41.53911	4	0	1	40
356	5	2022-05-27 15:19:06.031432	4	0	1	40
357	3	2022-05-31 14:47:59.029836	2	87	0	0
358	13	2022-05-31 15:06:22.306508	8736	117	62	1300000
361	25	2022-05-31 22:50:08.46535	373900	192	511	19100000
362	11	2022-06-01 10:33:34.410893	99000	85	82	1800000
365	14	2022-06-01 11:17:27.917274	45600	297	133	1200000
366	7	2022-06-01 11:28:50.350266	343400	435	314	7300000
368	18	2022-06-01 12:04:22.785416	259600	0	209	60600000
369	18	2022-06-01 12:10:15.04288	259600	0	210	60600000
370	13	2022-06-01 12:10:22.308309	8735	117	62	1300000
371	28	2022-06-01 12:14:43.525468	15	0	0	0
373	19	2022-06-01 12:49:10.297997	54500	274	103	904300
375	7	2022-06-01 13:07:05.503372	343400	435	314	7300000
376	7	2022-06-01 13:08:03.317974	343400	435	314	7300000
377	25	2022-06-01 13:11:14.100596	388400	191	517	19600000
378	23	2022-06-01 13:12:15.962768	165400	184	822	10200000
379	3	2022-06-01 13:38:30.995342	2	87	0	0
380	3	2022-06-01 13:38:44.94963	2	87	0	0
381	3	2022-06-01 13:39:04.95387	2	87	0	0
382	29	2022-06-01 14:04:22.69608	322600	203	243	8100000
383	30	2022-06-01 14:14:47.264507	226100	622	735	11900000
384	30	2022-06-01 22:50:10.538821	227400	622	739	12000000
385	29	2022-06-01 22:50:32.672057	324200	203	244	8300000
386	7	2022-06-01 22:51:14.841007	343400	436	314	7300000
387	15	2022-06-01 23:55:53.33011	9434	1883	470	236800
389	13	2022-06-02 13:17:08.38206	8735	117	62	1300000
390	7	2022-06-02 13:18:32.072731	343300	436	314	7300000
393	7	2022-06-02 18:25:05.911751	343300	436	314	7300000
394	8	2022-06-02 18:25:07.418111	726100	51	353	10800000
396	10	2022-06-02 18:25:10.14042	1200000	426	363	36200000
397	11	2022-06-02 18:25:12.132788	99400	85	83	1800000
398	12	2022-06-02 18:25:13.636405	1500000	693	453	73600000
399	13	2022-06-02 18:25:15.846427	8735	117	62	1300000
400	14	2022-06-02 18:25:17.507041	45900	301	136	1200000
401	15	2022-06-02 18:25:19.022908	9440	1887	470	236900
402	16	2022-06-02 18:25:20.079403	326700	7327	394	14100000
403	17	2022-06-02 18:25:21.592076	7102	437	122	52700
404	18	2022-06-02 18:25:35.640229	270100	0	219	63900000
405	19	2022-06-02 18:25:37.006844	54500	274	103	905800
408	7	2022-06-02 18:26:23.330044	343300	436	314	7300000
409	8	2022-06-02 18:26:39.844181	726100	51	353	10800000
411	10	2022-06-02 18:26:43.212512	1200000	426	363	36200000
412	11	2022-06-02 18:26:46.779166	99400	85	83	1800000
413	12	2022-06-02 18:26:47.904996	1500000	693	453	73600000
414	13	2022-06-02 18:26:49.578663	8735	117	62	1300000
415	14	2022-06-02 18:26:50.733489	45900	301	136	1200000
416	15	2022-06-02 18:26:52.206062	9440	1887	470	236900
417	16	2022-06-02 18:26:53.236796	326700	7327	394	14100000
418	17	2022-06-02 18:26:54.293332	7102	437	122	52700
419	18	2022-06-02 18:26:55.790084	270100	0	219	63900000
420	19	2022-06-02 18:26:56.87344	54500	274	103	905800
423	7	2022-06-02 18:27:27.245223	343300	436	314	7300000
424	8	2022-06-02 18:27:28.661829	726200	51	353	10800000
426	10	2022-06-02 18:27:31.835524	1200000	426	363	36200000
427	11	2022-06-02 18:27:33.416411	99400	85	83	1800000
428	12	2022-06-02 18:27:34.495893	1500000	693	453	73600000
429	13	2022-06-02 18:27:36.341197	8735	117	62	1300000
430	14	2022-06-02 18:27:37.570794	45900	301	136	1200000
431	15	2022-06-02 18:27:38.866854	9440	1887	470	236900
432	16	2022-06-02 18:27:40.431191	326700	7327	394	14100000
433	17	2022-06-02 18:27:42.104317	7102	437	122	52700
434	18	2022-06-02 18:27:43.237823	270100	0	219	63900000
435	19	2022-06-02 18:27:44.942668	54500	274	103	905800
438	28	2022-06-02 19:18:30.628664	15	0	0	0
40	\N	2022-05-16 16:18:10.366107	12	120	0	0
359	\N	2022-05-31 19:44:46.286807	14	120	0	0
363	\N	2022-06-01 10:34:22.505226	14	120	0	0
364	\N	2022-06-01 10:44:34.138835	14	120	0	0
372	\N	2022-06-01 12:48:13.385169	14	121	0	0
122	\N	2022-05-19 14:37:05.417909	445900	112	241	16800000
137	\N	2022-05-19 14:40:29.813192	445900	112	241	16800000
152	\N	2022-05-19 14:41:09.976827	445900	112	241	16800000
164	\N	2022-05-19 14:41:35.839851	445900	112	241	16800000
182	\N	2022-05-19 14:53:24.278145	446000	112	241	16800000
330	\N	2022-05-25 11:54:39.874401	458400	112	254	17400000
395	\N	2022-06-02 18:25:09.062838	474400	115	269	18300000
410	\N	2022-06-02 18:26:41.738144	474400	115	269	18300000
425	\N	2022-06-02 18:27:30.197614	474500	115	269	18300000
367	\N	2022-06-01 11:49:52.36689	262300	510	2719	15300000
118	\N	2022-05-19 14:36:59.274841	8	27	0	0
133	\N	2022-05-19 14:40:23.354846	8	27	0	0
148	\N	2022-05-19 14:41:04.116039	8	27	0	0
157	\N	2022-05-19 14:41:29.306824	8	27	0	0
178	\N	2022-05-19 14:53:17.921009	8	27	0	0
326	\N	2022-05-25 11:54:33.29535	8	27	0	0
391	\N	2022-06-02 18:25:02.024954	8	27	0	0
406	\N	2022-06-02 18:26:20.362645	8	27	0	0
421	\N	2022-06-02 18:27:25.083347	8	27	0	0
443	\N	2022-06-03 12:12:56.806625	8	27	0	0
179	\N	2022-05-19 14:53:19.667016	101	423	1	148
195	\N	2022-05-19 15:20:39.073332	101	423	1	148
197	\N	2022-05-19 15:39:01.016127	101	423	1	148
199	\N	2022-05-19 15:40:08.391331	101	423	1	148
201	\N	2022-05-19 15:41:21.201834	101	423	1	148
203	\N	2022-05-19 15:42:28.474652	101	423	1	148
205	\N	2022-05-19 15:43:31.834482	101	423	1	148
207	\N	2022-05-19 15:44:16.856774	101	423	1	148
209	\N	2022-05-19 15:44:45.013603	101	423	1	148
211	\N	2022-05-19 15:45:31.364876	101	423	1	148
214	\N	2022-05-19 18:50:58.150224	101	423	1	148
219	\N	2022-05-20 11:09:40.020625	101	423	1	148
223	\N	2022-05-23 12:44:18.289887	101	423	1	148
227	\N	2022-05-23 12:45:47.108866	101	423	1	148
231	\N	2022-05-23 12:45:51.677118	101	423	1	148
235	\N	2022-05-23 13:12:02.436555	101	423	1	148
239	\N	2022-05-23 13:14:37.506721	101	423	1	148
243	\N	2022-05-23 13:14:43.752445	101	423	1	148
247	\N	2022-05-23 13:14:52.865073	101	423	1	148
251	\N	2022-05-23 13:15:04.808802	101	423	1	148
255	\N	2022-05-23 13:15:55.101197	101	423	1	148
259	\N	2022-05-23 13:16:37.48551	101	423	1	148
263	\N	2022-05-23 15:30:45.7731	101	423	1	148
265	\N	2022-05-23 15:33:51.030522	101	423	1	148
268	\N	2022-05-23 15:35:02.444525	101	423	1	148
271	\N	2022-05-23 15:38:20.584445	101	423	1	148
274	\N	2022-05-23 15:39:51.519573	101	423	1	148
277	\N	2022-05-23 15:42:58.959812	101	423	1	148
280	\N	2022-05-23 15:44:03.679395	101	423	1	148
283	\N	2022-05-23 15:45:33.427547	101	423	1	148
286	\N	2022-05-23 15:48:55.844467	101	423	1	148
289	\N	2022-05-23 15:52:53.341608	101	423	1	148
292	\N	2022-05-23 15:53:32.658437	101	423	1	148
295	\N	2022-05-23 15:56:03.570532	101	423	1	148
299	\N	2022-05-23 16:04:22.072593	101	423	1	148
302	\N	2022-05-24 09:52:25.708673	101	425	1	149
305	\N	2022-05-24 10:25:55.638815	101	425	1	149
308	\N	2022-05-24 10:29:45.441873	101	425	1	149
311	\N	2022-05-24 10:30:47.17454	101	425	1	149
314	\N	2022-05-24 10:33:45.66137	101	425	1	149
317	\N	2022-05-24 13:22:17.423337	101	425	1	149
320	\N	2022-05-24 13:42:43.995338	101	425	1	149
323	\N	2022-05-24 14:30:57.007566	101	425	1	149
327	\N	2022-05-25 11:54:35.069185	101	425	1	150
360	\N	2022-05-31 20:30:40.404824	102	427	1	151
374	\N	2022-06-01 12:56:49.99132	102	427	1	151
388	\N	2022-06-02 10:55:31.287971	102	427	1	151
392	\N	2022-06-02 18:25:04.069567	102	427	1	151
407	\N	2022-06-02 18:26:22.077321	102	427	1	151
422	\N	2022-06-02 18:27:26.330071	102	427	1	151
436	\N	2022-06-02 18:31:10.93814	102	427	1	151
437	\N	2022-06-02 18:31:50.914395	102	427	1	151
439	\N	2022-06-02 19:21:24.014572	102	427	1	151
440	\N	2022-06-02 19:24:29.552584	102	427	1	151
441	\N	2022-06-02 19:26:03.202432	102	427	1	151
442	\N	2022-06-02 19:26:22.957166	102	427	1	151
444	32	2022-06-03 12:14:34.909261	103	427	1	151
445	2	2022-06-03 12:15:09.288426	5	0	0	0
446	11	2022-06-03 13:49:38.800517	99500	85	83	1900000
447	28	2022-06-03 13:49:57.996134	15	0	0	0
448	32	2022-06-03 13:51:54.677992	103	427	1	151
449	27	2022-06-03 14:03:30.978344	4638	32	238	88200
450	32	2022-06-03 14:07:22.007296	103	427	1	151
451	32	2022-06-03 14:07:33.689022	103	427	1	151
452	23	2022-06-03 14:09:14.840111	166000	185	824	10200000
453	25	2022-06-03 14:27:07.524609	399300	190	535	21100000
454	32	2022-06-03 14:28:12.091421	103	427	1	151
455	30	2022-06-03 15:12:37.904035	230800	626	749	12200000
456	26	2022-06-03 15:12:52.492778	26700	3	131	909500
457	29	2022-06-03 16:10:45.184898	323700	203	248	8300000
458	33	2022-06-03 16:11:04.870832	0	61	0	0
459	11	2022-06-04 12:50:18.545447	99900	86	84	1900000
460	34	2022-06-04 12:51:47.50544	1700000	26	220	35300000
461	35	2022-06-04 12:52:19.556538	539100	396	347	18900000
462	35	2022-06-04 12:52:25.434212	539100	396	347	18900000
463	36	2022-06-04 12:53:14.928966	1400000	292	439	57000000
464	37	2022-06-04 13:17:38.153068	2300000	36	428	85100000
465	7	2022-06-04 14:13:52.651762	343200	437	316	7300000
466	35	2022-06-04 14:25:58.126483	539100	396	346	18900000
467	28	2022-06-04 14:41:20.020206	15	0	0	0
468	28	2022-06-04 14:44:26.644133	15	0	0	0
469	28	2022-06-04 14:46:32.244338	15	0	0	0
470	28	2022-06-04 14:47:57.638102	15	0	0	0
471	28	2022-06-04 14:48:14.747616	15	0	0	0
472	7	2022-06-04 15:10:05.460774	343200	437	316	7300000
473	7	2022-06-04 15:11:09.031246	343200	437	316	7300000
474	7	2022-06-04 16:01:50.833493	343200	437	316	7300000
475	28	2022-06-04 16:02:07.412868	15	0	0	0
476	32	2022-06-04 16:02:21.338449	103	428	1	151
477	29	2022-06-04 16:11:44.971113	323500	204	250	8400000
478	12	2022-06-04 16:30:34.138476	1500000	695	462	75100000
479	25	2022-06-04 16:31:16.660908	401500	193	535	21300000
480	7	2022-06-04 18:59:07.921906	343200	437	316	7300000
481	7	2022-06-04 19:17:16.845235	343200	437	316	7300000
482	14	2022-06-04 22:34:48.138143	46500	308	137	1200000
483	28	2022-06-04 22:35:13.421786	15	0	0	0
484	26	2022-06-05 11:14:56.089405	26700	3	131	910100
485	26	2022-06-05 11:26:34.80614	26700	3	131	910100
486	29	2022-06-05 11:29:45.035198	323900	204	255	8500000
487	34	2022-06-05 11:30:05.107199	1700000	26	220	35300000
488	35	2022-06-05 11:30:13.84355	539100	396	346	18900000
489	11	2022-06-05 11:30:25.172596	100100	86	85	1900000
490	36	2022-06-05 11:30:33.470806	1400000	292	439	57000000
491	28	2022-06-05 11:31:16.091602	15	0	0	0
492	35	2022-06-05 11:38:55.44044	539100	396	346	18900000
493	12	2022-06-05 11:52:33.617826	1500000	697	465	75400000
494	7	2022-06-05 11:56:21.047912	343200	437	317	7300000
495	8	2022-06-05 11:56:22.143485	743900	51	359	11200000
496	10	2022-06-05 11:56:24.426708	1200000	427	370	37000000
497	11	2022-06-05 11:56:26.88442	100100	86	85	1900000
498	12	2022-06-05 11:56:28.319245	1500000	697	465	75400000
499	13	2022-06-05 11:56:30.003463	8733	117	62	1300000
500	14	2022-06-05 11:56:32.68854	46600	309	137	1200000
501	15	2022-06-05 11:56:33.949852	9514	1907	473	239200
502	16	2022-06-05 11:56:35.711476	326900	7326	394	14100000
503	17	2022-06-05 11:56:52.586644	7110	437	123	52900
504	18	2022-06-05 11:56:53.729883	274300	0	224	65500000
505	19	2022-06-05 11:56:55.218795	54800	276	96	917300
506	7	2022-06-05 12:01:55.624864	343200	437	317	7300000
507	19	2022-06-05 12:11:26.594404	54800	276	96	917300
508	38	2022-06-06 12:46:29.221888	1300000	139	2276	64300000
509	39	2022-06-06 12:46:53.380519	4200000	1428	456	217400000
510	40	2022-06-06 12:47:25.841845	7300000	876	594	219800000
511	40	2022-06-06 12:47:37.042635	7300000	876	594	219800000
512	41	2022-06-06 12:48:37.911806	172600	70	259	6800000
515	32	2022-06-06 19:47:57.266674	103	428	1	151
516	32	2022-06-06 23:03:54.286958	103	428	1	151
517	32	2022-06-06 23:04:03.335185	103	428	1	151
521	7	2022-06-06 23:19:06.641756	343100	438	317	7300000
526	7	2022-06-07 00:03:20.000617	343100	438	317	7300000
527	7	2022-06-07 00:04:33.738685	343100	438	317	7300000
528	7	2022-06-07 00:05:11.925175	343100	438	317	7300000
529	41	2022-06-07 00:05:25.443792	172700	70	259	6800000
530	11	2022-06-07 09:35:51.498379	100300	86	87	1900000
518	\N	2022-06-06 23:17:46.172598	394000	13	264	2700000
520	\N	2022-06-06 23:18:50.990733	2600000	190	408	33500000
514	\N	2022-06-06 12:53:14.825904	28900	7	89	933800
519	\N	2022-06-06 23:17:58.047509	29000	8	90	938600
513	\N	2022-06-06 12:49:06.298573	1200000	437	726	57900000
533	36	2022-06-07 09:36:32.663928	1400000	292	440	57100000
534	34	2022-06-07 09:36:38.48415	1700000	26	222	35400000
535	7	2022-06-07 09:37:07.071643	343100	438	317	7300000
536	7	2022-06-07 09:42:54.927863	343100	438	317	7300000
537	28	2022-06-07 09:43:41.49936	15	0	0	0
531	\N	2022-06-07 09:36:13.059803	907600	91	412	17800000
532	\N	2022-06-07 09:36:19.556541	907600	91	412	17800000
539	7	2022-06-07 10:18:06.918242	343100	438	317	7300000
541	7	2022-06-07 10:33:50.264213	343100	438	317	7300000
543	23	2022-06-07 10:43:40.431254	166200	185	824	10300000
547	7	2022-06-07 11:16:51.939194	343100	438	317	7300000
548	40	2022-06-07 11:22:04.97997	7300000	876	595	220700000
549	40	2022-06-07 11:22:22.492921	7300000	876	595	220700000
550	30	2022-06-07 11:22:56.175167	231100	634	761	12300000
551	23	2022-06-07 11:23:21.131407	166200	185	824	10300000
552	25	2022-06-07 11:23:26.473346	405100	195	552	22000000
553	27	2022-06-07 11:23:33.023323	4690	35	251	90600
554	32	2022-06-07 11:23:43.955458	103	428	1	151
555	12	2022-06-07 11:24:21.072761	1500000	698	472	76700000
556	13	2022-06-07 11:24:37.86743	8733	117	62	1300000
557	8	2022-06-07 11:24:46.338922	757400	51	363	11600000
558	14	2022-06-07 11:38:46.778	47700	315	140	1200000
559	39	2022-06-07 12:30:50.332702	4200000	1429	457	218300000
560	18	2022-06-07 12:33:12.090773	274900	0	225	65900000
561	34	2022-06-07 12:35:41.087241	1700000	26	223	35500000
522	\N	2022-06-06 23:49:43.254736	394000	13	264	2700000
523	\N	2022-06-06 23:52:56.587366	394000	13	264	2700000
524	\N	2022-06-06 23:53:23.157048	394000	13	264	2700000
525	\N	2022-06-06 23:53:48.724868	394000	13	264	2700000
538	\N	2022-06-07 09:57:19.266885	394200	13	266	2700000
540	\N	2022-06-07 10:18:55.776698	394200	13	266	2700000
542	\N	2022-06-07 10:34:42.078032	394200	13	266	2700000
544	\N	2022-06-07 10:58:25.665444	394300	13	266	2700000
562	\N	2022-06-07 12:37:24.616019	394300	13	267	2700000
563	48	2022-06-07 12:39:25.09345	1200000	304	664	6700000
564	49	2022-06-07 13:03:35.963963	9	12	3	116
565	32	2022-06-07 13:03:46.627858	103	428	1	151
566	25	2022-06-07 13:04:08.221399	405300	195	554	22100000
567	25	2022-06-07 13:04:28.905703	405300	195	554	22100000
568	16	2022-06-07 13:16:44.352875	327200	7323	395	14100000
569	16	2022-06-07 13:16:56.948363	327200	7323	395	14100000
570	50	2022-06-07 14:04:57.213128	859400	173	499	17500000
571	50	2022-06-07 14:05:03.567034	0	0	499	17500000
572	50	2022-06-07 14:05:14.008006	859400	173	499	17500000
573	50	2022-06-07 14:06:46.519017	859400	173	499	17500000
545	\N	2022-06-07 11:02:05.00748	2600000	190	408	33500000
546	\N	2022-06-07 11:02:35.167477	2600000	190	408	33500000
574	\N	2022-06-07 14:37:07.520637	394800	13	267	2700000
575	\N	2022-06-07 14:37:12.491478	394800	13	267	2700000
576	52	2022-06-07 14:37:23.875991	394800	13	267	2700000
577	52	2022-06-07 14:40:29.693432	394800	13	267	2700000
578	30	2022-06-07 14:41:03.624971	231100	634	761	12300000
579	28	2022-06-07 14:41:29.554378	15	0	0	0
580	49	2022-06-07 14:50:52.338615	9	12	3	116
581	7	2022-06-07 14:51:06.382292	343100	438	317	7300000
582	7	2022-06-07 14:51:26.332545	343100	438	317	7300000
583	32	2022-06-07 14:56:32.298253	103	428	1	151
584	27	2022-06-07 14:58:56.178949	4695	35	252	90900
585	27	2022-06-07 15:05:14.297341	4698	35	252	90900
586	52	2022-06-07 15:05:35.166356	394900	13	267	2700000
587	37	2022-06-07 15:07:03.765086	2400000	36	429	85400000
588	40	2022-06-07 15:07:23.09571	7300000	876	595	221000000
589	18	2022-06-07 15:08:09.095571	274900	0	226	65900000
590	18	2022-06-07 15:08:30.087798	274900	0	226	65900000
591	49	2022-06-07 15:09:02.955019	9	12	3	116
592	49	2022-06-07 15:09:56.508859	9	12	3	116
593	49	2022-06-07 15:12:51.744264	9	12	3	116
594	49	2022-06-07 15:14:47.224178	9	12	3	116
595	48	2022-06-07 15:15:12.619127	1200000	304	664	6700000
596	18	2022-06-07 15:15:31.152848	274900	0	226	65900000
597	18	2022-06-07 15:15:59.312813	274900	0	226	65900000
598	49	2022-06-07 15:24:58.010034	9	12	3	116
599	48	2022-06-07 15:25:07.226486	1200000	304	664	6700000
600	18	2022-06-07 15:25:15.940626	274900	0	226	65900000
601	18	2022-06-07 15:25:47.880654	274900	0	226	65900000
602	32	2022-06-07 15:29:37.565809	103	428	1	151
603	53	2022-06-07 15:29:48.728305	330000	411	2426	17400000
604	18	2022-06-07 15:29:59.031884	274900	0	226	65900000
605	18	2022-06-07 15:30:26.801178	274900	0	226	65900000
606	48	2022-06-07 15:30:39.552864	1200000	304	664	6700000
607	49	2022-06-07 15:30:55.494044	9	12	3	116
608	49	2022-06-07 15:55:05.700649	9	12	3	116
609	48	2022-06-07 15:55:16.046812	1200000	304	664	6700000
610	18	2022-06-07 15:55:26.994097	274900	0	226	65900000
611	18	2022-06-07 15:55:57.552463	274900	0	226	65900000
612	18	2022-06-07 15:57:30.310681	274900	0	226	65900000
613	23	2022-06-07 16:01:13.434107	166200	186	824	10300000
614	48	2022-06-07 16:03:15.626592	1200000	304	664	6700000
615	54	2022-06-07 16:03:33.421451	1800000	8	331	8700000
616	29	2022-06-07 16:04:24.418736	330700	204	265	8900000
617	7	2022-06-07 16:04:57.084959	343100	438	317	7300000
618	11	2022-06-07 16:06:39.179922	100400	86	87	1900000
619	49	2022-06-07 16:16:13.177159	9	12	3	116
620	18	2022-06-07 16:16:24.13256	274900	0	226	65900000
621	18	2022-06-07 16:16:57.812635	274900	0	226	65900000
622	18	2022-06-07 16:17:20.967494	274900	0	226	65900000
623	48	2022-06-07 16:23:51.631594	1200000	304	664	6700000
624	55	2022-06-07 16:24:14.535845	422	26	35	1440
625	56	2022-06-07 16:24:45.39898	3200000	0	0	0
626	49	2022-06-07 16:31:05.387714	9	12	3	116
627	18	2022-06-07 16:31:18.938901	274900	0	226	65900000
628	18	2022-06-07 16:31:44.375526	274900	0	226	65900000
629	18	2022-06-07 16:32:04.473767	274900	0	226	65900000
630	49	2022-06-07 18:18:01.602602	9	12	3	116
631	49	2022-06-07 18:20:27.170593	9	12	3	116
632	18	2022-06-07 18:20:46.863003	274900	0	226	65900000
633	18	2022-06-07 18:21:18.094802	274900	0	226	65900000
634	18	2022-06-07 18:21:37.959805	274900	0	226	65900000
635	49	2022-06-07 18:30:12.907738	9	12	3	116
636	49	2022-06-07 18:32:16.473972	9	12	3	116
637	18	2022-06-07 18:36:28.230284	274900	0	226	65900000
638	18	2022-06-07 18:36:55.982049	274900	0	226	65900000
639	18	2022-06-07 18:37:20.153228	274900	0	226	65900000
\.


--
-- Data for Name: users; Type: TABLE DATA; Schema: public; Owner: -
--

COPY public.users (user_id, email, password) FROM stdin;
1	user1@wally.com	smalls
2	user2@wally.com	smalls
3	user3@wally.com	smalls
4	user4@wally.com	smalls
5	user5@wally.com	smalls
6	juheesong@gmail.com	hackbright
7	fbjuhee@gmail.com	facebook
8		
9	test1@test.com	password
10	test@test.test	test
11	juhee@gmail.com	hackbright
15	test6@wally.com	smalls
16	user7@wally.com	smalls
17	user8@wally.com	smalls
18	user9@wally.com	smalls
19	juhee@demo.test	test
20	juhee@demo.demo	demo
21	juhee@demo.practice	1234
22	juhee@demo.com	1111
\.


--
-- Data for Name: users_creators; Type: TABLE DATA; Schema: public; Owner: -
--

COPY public.users_creators (user_creator_id, user_id, creator_id) FROM stdin;
2	2	2
3	3	3
4	4	4
5	5	5
7	1	7
8	1	8
10	1	10
11	1	11
12	1	12
13	1	13
14	1	14
15	1	15
16	1	16
17	1	17
18	1	18
19	1	19
20	1	20
22	5	22
23	6	23
26	6	25
27	2	26
28	6	27
30	2	7
31	2	5
32	1	28
33	2	29
36	1	32
37	6	32
38	2	33
39	11	11
40	11	34
41	11	35
42	11	36
43	2	37
44	11	28
45	2	28
46	1	25
47	2	38
48	2	39
49	2	40
50	2	41
53	2	32
57	11	7
60	11	48
61	11	49
62	11	32
63	11	25
64	1	50
67	6	52
68	16	49
70	11	18
71	19	49
72	20	49
75	21	49
76	21	48
78	20	32
79	20	53
81	19	48
83	19	18
84	6	48
85	6	54
89	22	48
91	22	56
102	22	18
\.


--
-- Name: creators_creator_id_seq; Type: SEQUENCE SET; Schema: public; Owner: -
--

SELECT pg_catalog.setval('public.creators_creator_id_seq', 56, true);


--
-- Name: metrics_metrics_id_seq; Type: SEQUENCE SET; Schema: public; Owner: -
--

SELECT pg_catalog.setval('public.metrics_metrics_id_seq', 639, true);


--
-- Name: users_creators_user_creator_id_seq; Type: SEQUENCE SET; Schema: public; Owner: -
--

SELECT pg_catalog.setval('public.users_creators_user_creator_id_seq', 102, true);


--
-- Name: users_user_id_seq; Type: SEQUENCE SET; Schema: public; Owner: -
--

SELECT pg_catalog.setval('public.users_user_id_seq', 22, true);


--
-- Name: creators creators_pkey; Type: CONSTRAINT; Schema: public; Owner: -
--

ALTER TABLE ONLY public.creators
    ADD CONSTRAINT creators_pkey PRIMARY KEY (creator_id);


--
-- Name: metrics metrics_pkey; Type: CONSTRAINT; Schema: public; Owner: -
--

ALTER TABLE ONLY public.metrics
    ADD CONSTRAINT metrics_pkey PRIMARY KEY (metrics_id);


--
-- Name: users_creators users_creators_pkey; Type: CONSTRAINT; Schema: public; Owner: -
--

ALTER TABLE ONLY public.users_creators
    ADD CONSTRAINT users_creators_pkey PRIMARY KEY (user_creator_id);


--
-- Name: users users_email_key; Type: CONSTRAINT; Schema: public; Owner: -
--

ALTER TABLE ONLY public.users
    ADD CONSTRAINT users_email_key UNIQUE (email);


--
-- Name: users users_pkey; Type: CONSTRAINT; Schema: public; Owner: -
--

ALTER TABLE ONLY public.users
    ADD CONSTRAINT users_pkey PRIMARY KEY (user_id);


--
-- Name: metrics metrics_creator_id_fkey; Type: FK CONSTRAINT; Schema: public; Owner: -
--

ALTER TABLE ONLY public.metrics
    ADD CONSTRAINT metrics_creator_id_fkey FOREIGN KEY (creator_id) REFERENCES public.creators(creator_id);


--
-- Name: users_creators users_creators_creator_id_fkey; Type: FK CONSTRAINT; Schema: public; Owner: -
--

ALTER TABLE ONLY public.users_creators
    ADD CONSTRAINT users_creators_creator_id_fkey FOREIGN KEY (creator_id) REFERENCES public.creators(creator_id);


--
-- Name: users_creators users_creators_user_id_fkey; Type: FK CONSTRAINT; Schema: public; Owner: -
--

ALTER TABLE ONLY public.users_creators
    ADD CONSTRAINT users_creators_user_id_fkey FOREIGN KEY (user_id) REFERENCES public.users(user_id);


--
-- PostgreSQL database dump complete
--

